Model,Accuracy,Precision,Recall,F1 Score,ROC AUC
Logistic Regression,0.9736721531033025,0.053035143769968054,0.8736842105263158,0.1,0.9626184886409772
Random Forest,0.9994184612131252,0.8875,0.7473684210526316,0.8114285714285714,0.9332076639145126
